"","Cgigas_KEGGID","Day","modColor","KEGGID_pathway","pathway.name","Num.genes.all","Num.genes.exp","Gene.IDs","Rich_factor","pvalue","log10_pvalue","qvalue","Cvirginica_GeneID","Cvirginica_Protein_name"
"1","crg:105334026","Day 0","turquoise","crg01200","Carbon metabolism",107,71,"105334026",0.663551401869159,0.0000000000000207135978872896,13.6837444589586,0.00000000000180971434173162,"LOC111118600"," 2-oxoglutarate dehydrogenase, mitochondrial-like"
"2","crg:105332278","Day 0","turquoise","crg01200","Carbon metabolism",107,71,"105332278",0.663551401869159,0.0000000000000207135978872896,13.6837444589586,0.00000000000180971434173162,"LOC111118132"," 3-hydroxyisobutyryl-CoA hydrolase, mitochondrial-like"
"3","crg:105332278","Day 0","turquoise","crg01200","Carbon metabolism",107,71,"105332278",0.663551401869159,0.0000000000000207135978872896,13.6837444589586,0.00000000000180971434173162,"LOC111116870"," 3-hydroxyisobutyryl-CoA hydrolase, mitochondrial-like"
"4","crg:105345317","Day 0","turquoise","crg01200","Carbon metabolism",107,71,"105345317",0.663551401869159,0.0000000000000207135978872896,13.6837444589586,0.00000000000180971434173162,"LOC111137005"," 6-phosphogluconate dehydrogenase, decarboxylating-like"
"5","crg:105320092","Day 0","turquoise","crg01200","Carbon metabolism",107,71,"105320092",0.663551401869159,0.0000000000000207135978872896,13.6837444589586,0.00000000000180971434173162,"LOC111123214"," 6-phosphogluconolactonase-like"
"6","crg:105325828","Day 0","turquoise","crg01200","Carbon metabolism",107,71,"105325828",0.663551401869159,0.0000000000000207135978872896,13.6837444589586,0.00000000000180971434173162,"LOC111130458"," ADP-dependent glucokinase-like"
"7","crg:105325828","Day 0","turquoise","crg01200","Carbon metabolism",107,71,"105325828",0.663551401869159,0.0000000000000207135978872896,13.6837444589586,0.00000000000180971434173162,"LOC111127779"," ADP-dependent glucokinase-like"
"8","crg:105330927","Day 0","turquoise","crg01200","Carbon metabolism",107,71,"105330927",0.663551401869159,0.0000000000000207135978872896,13.6837444589586,0.00000000000180971434173162,"LOC111124867"," ATP-dependent 6-phosphofructokinase-like"
"9","crg:105340439","Day 0","turquoise","crg01200","Carbon metabolism",107,71,"105340439",0.663551401869159,0.0000000000000207135978872896,13.6837444589586,0.00000000000180971434173162,"LOC111136873"," GDH/6PGL endoplasmic bifunctional protein-like"
"10","crg:105339847","Day 0","turquoise","crg01200","Carbon metabolism",107,71,"105339847",0.663551401869159,0.0000000000000207135978872896,13.6837444589586,0.00000000000180971434173162,"LOC111103557"," NADP-dependent malic enzyme-like"
"11","crg:105338629","Day 0","turquoise","crg01200","Carbon metabolism",107,71,"105338629",0.663551401869159,0.0000000000000207135978872896,13.6837444589586,0.00000000000180971434173162,"LOC111136681"," S-formylglutathione hydrolase-like"
"12","crg:105339623","Day 0","turquoise","crg01200","Carbon metabolism",107,71,"105339623",0.663551401869159,0.0000000000000207135978872896,13.6837444589586,0.00000000000180971434173162,"LOC111104702"," acetyl-CoA acetyltransferase, mitochondrial-like"
"13","crg:105318496","Day 0","turquoise","crg01200","Carbon metabolism",107,71,"105318496",0.663551401869159,0.0000000000000207135978872896,13.6837444589586,0.00000000000180971434173162,"LOC111119284"," acetyl-coenzyme A synthetase, cytoplasmic-like"
"14","crg:105330743","Day 0","turquoise","crg01200","Carbon metabolism",107,71,"105330743",0.663551401869159,0.0000000000000207135978872896,13.6837444589586,0.00000000000180971434173162,"LOC111138184"," alanine aminotransferase 1-like"
"15","crg:105336470","Day 0","turquoise","crg01200","Carbon metabolism",107,71,"105336470",0.663551401869159,0.0000000000000207135978872896,13.6837444589586,0.00000000000180971434173162,"LOC111118136"," alcohol dehydrogenase class-3-like"
"16","crg:105336470","Day 0","turquoise","crg01200","Carbon metabolism",107,71,"105336470",0.663551401869159,0.0000000000000207135978872896,13.6837444589586,0.00000000000180971434173162,"LOC111119958"," alcohol dehydrogenase class-3-like"
"17","crg:105330192","Day 0","turquoise","crg01200","Carbon metabolism",107,71,"105330192",0.663551401869159,0.0000000000000207135978872896,13.6837444589586,0.00000000000180971434173162,"LOC111134810"," aspartate aminotransferase, cytoplasmic-like"
"18","crg:105318268","Day 0","turquoise","crg01200","Carbon metabolism",107,71,"105318268",0.663551401869159,0.0000000000000207135978872896,13.6837444589586,0.00000000000180971434173162,"LOC111137596"," aspartate aminotransferase, mitochondrial-like"
"19","crg:105339902","Day 0","turquoise","crg01200","Carbon metabolism",107,71,"105339902",0.663551401869159,0.0000000000000207135978872896,13.6837444589586,0.00000000000180971434173162,"LOC111134248"," catalase-like"
"20","crg:105328869","Day 0","turquoise","crg01200","Carbon metabolism",107,71,"105328869",0.663551401869159,0.0000000000000207135978872896,13.6837444589586,0.00000000000180971434173162,"LOC111111213"," citrate synthase, mitochondrial-like"
"21","crg:105340687","Day 0","turquoise","crg01200","Carbon metabolism",107,71,"105340687",0.663551401869159,0.0000000000000207135978872896,13.6837444589586,0.00000000000180971434173162,"LOC111129350"," cysteine synthase 1-like"
"22","crg:105339502","Day 0","turquoise","crg01200","Carbon metabolism",107,71,"105339502",0.663551401869159,0.0000000000000207135978872896,13.6837444589586,0.00000000000180971434173162,"LOC111108359"," dihydrolipoyl dehydrogenase, mitochondrial-like"
"23","crg:105339502","Day 0","turquoise","crg01200","Carbon metabolism",107,71,"105339502",0.663551401869159,0.0000000000000207135978872896,13.6837444589586,0.00000000000180971434173162,"LOC111109254"," dihydrolipoyl dehydrogenase, mitochondrial-like"
"24","crg:105317497","Day 0","turquoise","crg01200","Carbon metabolism",107,71,"105317497",0.663551401869159,0.0000000000000207135978872896,13.6837444589586,0.00000000000180971434173162,"LOC111127323"," dihydrolipoyllysine-residue acetyltransferase component of pyruvate dehydrogenase complex, mitochondrial-like"
"25","crg:105345932","Day 0","turquoise","crg01200","Carbon metabolism",107,71,"105345932",0.663551401869159,0.0000000000000207135978872896,13.6837444589586,0.00000000000180971434173162,"LOC111131212"," dihydrolipoyllysine-residue succinyltransferase component of 2-oxoglutarate dehydrogenase complex, mitochondrial-like"
"26","crg:105341094","Day 0","turquoise","crg01200","Carbon metabolism",107,71,"105341094",0.663551401869159,0.0000000000000207135978872896,13.6837444589586,0.00000000000180971434173162,"LOC111120704"," enoyl-CoA hydratase, mitochondrial-like"
"27","crg:105338126","Day 0","turquoise","crg01200","Carbon metabolism",107,71,"105338126",0.663551401869159,0.0000000000000207135978872896,13.6837444589586,0.00000000000180971434173162,"LOC111136940"," fructose-bisphosphate aldolase-like"
"28","crg:105322330","Day 0","turquoise","crg01200","Carbon metabolism",107,71,"105322330",0.663551401869159,0.0000000000000207135978872896,13.6837444589586,0.00000000000180971434173162,"LOC111132960"," fumarate hydratase class I, aerobic-like"
"29","crg:105320391","Day 0","turquoise","crg01200","Carbon metabolism",107,71,"105320391",0.663551401869159,0.0000000000000207135978872896,13.6837444589586,0.00000000000180971434173162,"LOC111130667"," fumarate hydratase, mitochondrial-like"
"30","crg:105317286","Day 0","turquoise","crg01200","Carbon metabolism",107,71,"105317286",0.663551401869159,0.0000000000000207135978872896,13.6837444589586,0.00000000000180971434173162,"LOC111110098"," glucose-6-phosphate 1-dehydrogenase-like"
"31","crg:105332291","Day 0","turquoise","crg01200","Carbon metabolism",107,71,"105332291",0.663551401869159,0.0000000000000207135978872896,13.6837444589586,0.00000000000180971434173162,"LOC111136543"," glucose-6-phosphate isomerase-like"
"32","crg:105332291","Day 0","turquoise","crg01200","Carbon metabolism",107,71,"105332291",0.663551401869159,0.0000000000000207135978872896,13.6837444589586,0.00000000000180971434173162,"LOC111137391"," glucose-6-phosphate isomerase-like"
"33","crg:105348957","Day 0","turquoise","crg01200","Carbon metabolism",107,71,"105348957",0.663551401869159,0.0000000000000207135978872896,13.6837444589586,0.00000000000180971434173162,"LOC111119107"," glutamate dehydrogenase, mitochondrial-like"
"34","crg:105340512","Day 0","turquoise","crg01200","Carbon metabolism",107,71,"105340512",0.663551401869159,0.0000000000000207135978872896,13.6837444589586,0.00000000000180971434173162,"LOC111099143"," glyceraldehyde-3-phosphate dehydrogenase-like"
"35","crg:105319222","Day 0","turquoise","crg01200","Carbon metabolism",107,71,"105319222",0.663551401869159,0.0000000000000207135978872896,13.6837444589586,0.00000000000180971434173162,"LOC111102576"," glycerol-3-phosphate phosphatase-like"
"36","crg:105319222","Day 0","turquoise","crg01200","Carbon metabolism",107,71,"105319222",0.663551401869159,0.0000000000000207135978872896,13.6837444589586,0.00000000000180971434173162,"LOC111102686"," glycerol-3-phosphate phosphatase-like"
"37","crg:105319222","Day 0","turquoise","crg01200","Carbon metabolism",107,71,"105319222",0.663551401869159,0.0000000000000207135978872896,13.6837444589586,0.00000000000180971434173162,"LOC111102575"," glycerol-3-phosphate phosphatase-like"
"38","crg:105319222","Day 0","turquoise","crg01200","Carbon metabolism",107,71,"105319222",0.663551401869159,0.0000000000000207135978872896,13.6837444589586,0.00000000000180971434173162,"LOC111102687"," glycerol-3-phosphate phosphatase-like"
"39","crg:105338616","Day 0","turquoise","crg01200","Carbon metabolism",107,71,"105338616",0.663551401869159,0.0000000000000207135978872896,13.6837444589586,0.00000000000180971434173162,"LOC111135623"," glycine cleavage system H protein-like"
"40","crg:105338616","Day 0","turquoise","crg01200","Carbon metabolism",107,71,"105338616",0.663551401869159,0.0000000000000207135978872896,13.6837444589586,0.00000000000180971434173162,"LOC111135916"," glycine cleavage system H protein-like"
"41","crg:105333668","Day 0","turquoise","crg01200","Carbon metabolism",107,71,"105333668",0.663551401869159,0.0000000000000207135978872896,13.6837444589586,0.00000000000180971434173162,"LOC111119746"," glycine dehydrogenase (decarboxylating), mitochondrial-like"
"42","crg:105330227","Day 0","turquoise","crg01200","Carbon metabolism",107,71,"105330227",0.663551401869159,0.0000000000000207135978872896,13.6837444589586,0.00000000000180971434173162,"LOC111101916"," isocitrate dehydrogenase [NADP] cytoplasmic-like"
"43","crg:105343391","Day 0","turquoise","crg01200","Carbon metabolism",107,71,"105343391",0.663551401869159,0.0000000000000207135978872896,13.6837444589586,0.00000000000180971434173162,"LOC111103250"," isocitrate dehydrogenase [NADP], mitochondrial-like"
"44","crg:105326646","Day 0","turquoise","crg01200","Carbon metabolism",107,71,"105326646",0.663551401869159,0.0000000000000207135978872896,13.6837444589586,0.00000000000180971434173162,"LOC111131515"," isocitrate dehydrogenase [NAD] subunit alpha, mitochondrial-like"
"45","crg:105326646","Day 0","turquoise","crg01200","Carbon metabolism",107,71,"105326646",0.663551401869159,0.0000000000000207135978872896,13.6837444589586,0.00000000000180971434173162,"LOC111128143"," isocitrate dehydrogenase [NAD] subunit alpha, mitochondrial-like"
"46","crg:105334926","Day 0","turquoise","crg01200","Carbon metabolism",107,71,"105334926",0.663551401869159,0.0000000000000207135978872896,13.6837444589586,0.00000000000180971434173162,"LOC111125610"," isocitrate dehydrogenase [NAD] subunit beta, mitochondrial-like"
"47","crg:105334926","Day 0","turquoise","crg01200","Carbon metabolism",107,71,"105334926",0.663551401869159,0.0000000000000207135978872896,13.6837444589586,0.00000000000180971434173162,"LOC111123350"," isocitrate dehydrogenase [NAD] subunit beta, mitochondrial-like"
"48","crg:105349203","Day 0","turquoise","crg01200","Carbon metabolism",107,71,"105349203",0.663551401869159,0.0000000000000207135978872896,13.6837444589586,0.00000000000180971434173162,"LOC111110280"," isocitrate dehydrogenase [NAD] subunit gamma, mitochondrial-like"
"49","crg:105349203","Day 0","turquoise","crg01200","Carbon metabolism",107,71,"105349203",0.663551401869159,0.0000000000000207135978872896,13.6837444589586,0.00000000000180971434173162,"LOC111109973"," isocitrate dehydrogenase [NAD] subunit gamma, mitochondrial-like"
"50","crg:105343888","Day 0","turquoise","crg01200","Carbon metabolism",107,71,"105343888",0.663551401869159,0.0000000000000207135978872896,13.6837444589586,0.00000000000180971434173162,"LOC111129934"," malate dehydrogenase, cytoplasmic-like"
"51","crg:105333137","Day 0","turquoise","crg01200","Carbon metabolism",107,71,"105333137",0.663551401869159,0.0000000000000207135978872896,13.6837444589586,0.00000000000180971434173162,"LOC111136621"," malate dehydrogenase, mitochondrial-like"
"52","crg:105324487","Day 0","turquoise","crg01200","Carbon metabolism",107,71,"105324487",0.663551401869159,0.0000000000000207135978872896,13.6837444589586,0.00000000000180971434173162,"LOC111128123"," methylmalonyl-CoA epimerase, mitochondrial-like"
"53","crg:105323160","Day 0","turquoise","crg01200","Carbon metabolism",107,71,"105323160",0.663551401869159,0.0000000000000207135978872896,13.6837444589586,0.00000000000180971434173162,"LOC111114899"," methylmalonyl-CoA mutase, mitochondrial-like"
"54","crg:105319409","Day 0","turquoise","crg01200","Carbon metabolism",107,71,"105319409",0.663551401869159,0.0000000000000207135978872896,13.6837444589586,0.00000000000180971434173162,"LOC111107112"," peroxisomal acyl-coenzyme A oxidase 1-like"
"55","crg:105346656","Day 0","turquoise","crg01200","Carbon metabolism",107,71,"105346656",0.663551401869159,0.0000000000000207135978872896,13.6837444589586,0.00000000000180971434173162,"LOC111136438"," peroxisomal acyl-coenzyme A oxidase 3-like"
"56","crg:105346656","Day 0","turquoise","crg01200","Carbon metabolism",107,71,"105346656",0.663551401869159,0.0000000000000207135978872896,13.6837444589586,0.00000000000180971434173162,"LOC111136066"," peroxisomal acyl-coenzyme A oxidase 3-like"
"57","crg:105322313","Day 0","turquoise","crg01200","Carbon metabolism",107,71,"105322313",0.663551401869159,0.0000000000000207135978872896,13.6837444589586,0.00000000000180971434173162,"LOC111122808"," phosphoglycerate kinase-like"
"58","crg:105322313","Day 0","turquoise","crg01200","Carbon metabolism",107,71,"105322313",0.663551401869159,0.0000000000000207135978872896,13.6837444589586,0.00000000000180971434173162,"LOC111111035"," phosphoglycerate kinase-like"
"59","crg:105336766","Day 0","turquoise","crg01200","Carbon metabolism",107,71,"105336766",0.663551401869159,0.0000000000000207135978872896,13.6837444589586,0.00000000000180971434173162,"LOC111129161"," probable methylmalonate-semialdehyde dehydrogenase [acylating], mitochondrial"
"60","crg:105347640","Day 0","turquoise","crg01200","Carbon metabolism",107,71,"105347640",0.663551401869159,0.0000000000000207135978872896,13.6837444589586,0.00000000000180971434173162,"LOC111100351"," probable phosphoglycerate mutase"
"61","crg:105331349","Day 0","turquoise","crg01200","Carbon metabolism",107,71,"105331349",0.663551401869159,0.0000000000000207135978872896,13.6837444589586,0.00000000000180971434173162,"LOC111099655"," probable pyruvate dehydrogenase E1 component subunit alpha, mitochondrial"
"62","crg:105330479","Day 0","turquoise","crg01200","Carbon metabolism",107,71,"105330479",0.663551401869159,0.0000000000000207135978872896,13.6837444589586,0.00000000000180971434173162,"LOC111100562"," propionyl-CoA carboxylase alpha chain, mitochondrial-like"
"63","crg:105329204","Day 0","turquoise","crg01200","Carbon metabolism",107,71,"105329204",0.663551401869159,0.0000000000000207135978872896,13.6837444589586,0.00000000000180971434173162,"LOC111134559"," propionyl-CoA carboxylase beta chain, mitochondrial-like"
"64","crg:105338659","Day 0","turquoise","crg01200","Carbon metabolism",107,71,"105338659",0.663551401869159,0.0000000000000207135978872896,13.6837444589586,0.00000000000180971434173162,"LOC111132318"," putative succinate dehydrogenase [ubiquinone] cytochrome b small subunit, mitochondrial"
"65","crg:105326362","Day 0","turquoise","crg01200","Carbon metabolism",107,71,"105326362",0.663551401869159,0.0000000000000207135978872896,13.6837444589586,0.00000000000180971434173162,"LOC111128990"," pyruvate carboxylase, mitochondrial-like"
"66","crg:105326362","Day 0","turquoise","crg01200","Carbon metabolism",107,71,"105326362",0.663551401869159,0.0000000000000207135978872896,13.6837444589586,0.00000000000180971434173162,"LOC111128687"," pyruvate carboxylase, mitochondrial-like"
"67","crg:105331349","Day 0","turquoise","crg01200","Carbon metabolism",107,71,"105331349",0.663551401869159,0.0000000000000207135978872896,13.6837444589586,0.00000000000180971434173162,"LOC111099657"," pyruvate dehydrogenase E1 component subunit alpha, mitochondrial-like"
"68","crg:105331349","Day 0","turquoise","crg01200","Carbon metabolism",107,71,"105331349",0.663551401869159,0.0000000000000207135978872896,13.6837444589586,0.00000000000180971434173162,"LOC111099658"," pyruvate dehydrogenase E1 component subunit alpha, mitochondrial-like"
"69","crg:105338756","Day 0","turquoise","crg01200","Carbon metabolism",107,71,"105338756",0.663551401869159,0.0000000000000207135978872896,13.6837444589586,0.00000000000180971434173162,"LOC111107273"," pyruvate dehydrogenase E1 component subunit beta, mitochondrial-like"
"70","crg:105335442","Day 0","turquoise","crg01200","Carbon metabolism",107,71,"105335442",0.663551401869159,0.0000000000000207135978872896,13.6837444589586,0.00000000000180971434173162,"LOC111116965"," pyruvate kinase PKM-like"
"71","crg:105330682","Day 0","turquoise","crg01200","Carbon metabolism",107,71,"105330682",0.663551401869159,0.0000000000000207135978872896,13.6837444589586,0.00000000000180971434173162,"LOC111121420"," regucalcin-like"
"72","crg:105330682","Day 0","turquoise","crg01200","Carbon metabolism",107,71,"105330682",0.663551401869159,0.0000000000000207135978872896,13.6837444589586,0.00000000000180971434173162,"LOC111121418"," regucalcin-like"
"73","crg:105336648","Day 0","turquoise","crg01200","Carbon metabolism",107,71,"105336648",0.663551401869159,0.0000000000000207135978872896,13.6837444589586,0.00000000000180971434173162,"LOC111120853"," regucalcin-like"
"74","crg:105334367","Day 0","turquoise","crg01200","Carbon metabolism",107,71,"105334367",0.663551401869159,0.0000000000000207135978872896,13.6837444589586,0.00000000000180971434173162,"LOC111124565"," ribose-5-phosphate isomerase-like"
"75","crg:105329847","Day 0","turquoise","crg01200","Carbon metabolism",107,71,"105329847",0.663551401869159,0.0000000000000207135978872896,13.6837444589586,0.00000000000180971434173162,"LOC111123753"," ribose-phosphate pyrophosphokinase 1-like"
"76","crg:105331731","Day 0","turquoise","crg01200","Carbon metabolism",107,71,"105331731",0.663551401869159,0.0000000000000207135978872896,13.6837444589586,0.00000000000180971434173162,"LOC111120752"," ribulose-phosphate 3-epimerase-like"
"77","crg:105345374","Day 0","turquoise","crg01200","Carbon metabolism",107,71,"105345374",0.663551401869159,0.0000000000000207135978872896,13.6837444589586,0.00000000000180971434173162,"LOC111136419"," serine dehydratase-like"
"78","crg:105333843","Day 0","turquoise","crg01200","Carbon metabolism",107,71,"105333843",0.663551401869159,0.0000000000000207135978872896,13.6837444589586,0.00000000000180971434173162,"LOC111122125"," serine hydroxymethyltransferase, cytosolic-like"
"79","crg:105333843","Day 0","turquoise","crg01200","Carbon metabolism",107,71,"105333843",0.663551401869159,0.0000000000000207135978872896,13.6837444589586,0.00000000000180971434173162,"LOC111121920"," serine hydroxymethyltransferase, cytosolic-like"
"80","crg:105323187","Day 0","turquoise","crg01200","Carbon metabolism",107,71,"105323187",0.663551401869159,0.0000000000000207135978872896,13.6837444589586,0.00000000000180971434173162,"LOC111114229"," serine hydroxymethyltransferase, mitochondrial-like"
"81","crg:105331916","Day 0","turquoise","crg01200","Carbon metabolism",107,71,"105331916",0.663551401869159,0.0000000000000207135978872896,13.6837444589586,0.00000000000180971434173162,"LOC111137062"," serine--pyruvate aminotransferase-like"
"82","crg:105332143","Day 0","turquoise","crg01200","Carbon metabolism",107,71,"105332143",0.663551401869159,0.0000000000000207135978872896,13.6837444589586,0.00000000000180971434173162,"LOC111127095"," succinate dehydrogenase cytochrome b560 subunit, mitochondrial-like"
"83","crg:105326324","Day 0","turquoise","crg01200","Carbon metabolism",107,71,"105326324",0.663551401869159,0.0000000000000207135978872896,13.6837444589586,0.00000000000180971434173162,"LOC111101642"," succinate--CoA ligase [ADP-forming] subunit beta, mitochondrial-like"
"84","crg:105319941","Day 0","turquoise","crg01200","Carbon metabolism",107,71,"105319941",0.663551401869159,0.0000000000000207135978872896,13.6837444589586,0.00000000000180971434173162,"LOC111101152"," succinate--CoA ligase [ADP/GDP-forming] subunit alpha, mitochondrial-like"
"85","crg:105328773","Day 0","turquoise","crg01200","Carbon metabolism",107,71,"105328773",0.663551401869159,0.0000000000000207135978872896,13.6837444589586,0.00000000000180971434173162,"LOC111105925"," succinate--CoA ligase [GDP-forming] subunit beta, mitochondrial-like"
"86","crg:105328773","Day 0","turquoise","crg01200","Carbon metabolism",107,71,"105328773",0.663551401869159,0.0000000000000207135978872896,13.6837444589586,0.00000000000180971434173162,"LOC111105866"," succinate--CoA ligase [GDP-forming] subunit beta, mitochondrial-like"
"87","crg:105335180","Day 0","turquoise","crg01200","Carbon metabolism",107,71,"105335180",0.663551401869159,0.0000000000000207135978872896,13.6837444589586,0.00000000000180971434173162,"LOC111105573"," transaldolase-like"
"88","crg:105335180","Day 0","turquoise","crg01200","Carbon metabolism",107,71,"105335180",0.663551401869159,0.0000000000000207135978872896,13.6837444589586,0.00000000000180971434173162,"LOC111105262"," transaldolase-like"
"89","crg:105328534","Day 0","turquoise","crg01200","Carbon metabolism",107,71,"105328534",0.663551401869159,0.0000000000000207135978872896,13.6837444589586,0.00000000000180971434173162,"LOC111109650"," transketolase-like protein 2"
"90","crg:105340698","Day 0","turquoise","crg01200","Carbon metabolism",107,71,"105340698",0.663551401869159,0.0000000000000207135978872896,13.6837444589586,0.00000000000180971434173162,"LOC111131656"," triokinase/FMN cyclase-like"
"91","crg:105347662","Day 0","turquoise","crg01200","Carbon metabolism",107,71,"105347662",0.663551401869159,0.0000000000000207135978872896,13.6837444589586,0.00000000000180971434173162,"LOC111132917"," triosephosphate isomerase-like"
"92","crg:105334026","Day 0","turquoise","crg00020","Citrate cycle (TCA cycle)",29,24,"105334026",0.827586206896552,0.00000000992131318545848,8.00343084080413,0.00000014446824463036,"LOC111118600"," 2-oxoglutarate dehydrogenase, mitochondrial-like"
"93","crg:105335901","Day 0","turquoise","crg00020","Citrate cycle (TCA cycle)",29,24,"105335901",0.827586206896552,0.00000000992131318545848,8.00343084080413,0.00000014446824463036,"LOC111103886"," ATP-citrate synthase-like"
"94","crg:105328869","Day 0","turquoise","crg00020","Citrate cycle (TCA cycle)",29,24,"105328869",0.827586206896552,0.00000000992131318545848,8.00343084080413,0.00000014446824463036,"LOC111111213"," citrate synthase, mitochondrial-like"
"95","crg:105339502","Day 0","turquoise","crg00020","Citrate cycle (TCA cycle)",29,24,"105339502",0.827586206896552,0.00000000992131318545848,8.00343084080413,0.00000014446824463036,"LOC111108359"," dihydrolipoyl dehydrogenase, mitochondrial-like"
"96","crg:105339502","Day 0","turquoise","crg00020","Citrate cycle (TCA cycle)",29,24,"105339502",0.827586206896552,0.00000000992131318545848,8.00343084080413,0.00000014446824463036,"LOC111109254"," dihydrolipoyl dehydrogenase, mitochondrial-like"
"97","crg:105317497","Day 0","turquoise","crg00020","Citrate cycle (TCA cycle)",29,24,"105317497",0.827586206896552,0.00000000992131318545848,8.00343084080413,0.00000014446824463036,"LOC111127323"," dihydrolipoyllysine-residue acetyltransferase component of pyruvate dehydrogenase complex, mitochondrial-like"
"98","crg:105345932","Day 0","turquoise","crg00020","Citrate cycle (TCA cycle)",29,24,"105345932",0.827586206896552,0.00000000992131318545848,8.00343084080413,0.00000014446824463036,"LOC111131212"," dihydrolipoyllysine-residue succinyltransferase component of 2-oxoglutarate dehydrogenase complex, mitochondrial-like"
"99","crg:105322330","Day 0","turquoise","crg00020","Citrate cycle (TCA cycle)",29,24,"105322330",0.827586206896552,0.00000000992131318545848,8.00343084080413,0.00000014446824463036,"LOC111132960"," fumarate hydratase class I, aerobic-like"
"100","crg:105320391","Day 0","turquoise","crg00020","Citrate cycle (TCA cycle)",29,24,"105320391",0.827586206896552,0.00000000992131318545848,8.00343084080413,0.00000014446824463036,"LOC111130667"," fumarate hydratase, mitochondrial-like"
"101","crg:105330227","Day 0","turquoise","crg00020","Citrate cycle (TCA cycle)",29,24,"105330227",0.827586206896552,0.00000000992131318545848,8.00343084080413,0.00000014446824463036,"LOC111101916"," isocitrate dehydrogenase [NADP] cytoplasmic-like"
"102","crg:105343391","Day 0","turquoise","crg00020","Citrate cycle (TCA cycle)",29,24,"105343391",0.827586206896552,0.00000000992131318545848,8.00343084080413,0.00000014446824463036,"LOC111103250"," isocitrate dehydrogenase [NADP], mitochondrial-like"
"103","crg:105326646","Day 0","turquoise","crg00020","Citrate cycle (TCA cycle)",29,24,"105326646",0.827586206896552,0.00000000992131318545848,8.00343084080413,0.00000014446824463036,"LOC111131515"," isocitrate dehydrogenase [NAD] subunit alpha, mitochondrial-like"
"104","crg:105326646","Day 0","turquoise","crg00020","Citrate cycle (TCA cycle)",29,24,"105326646",0.827586206896552,0.00000000992131318545848,8.00343084080413,0.00000014446824463036,"LOC111128143"," isocitrate dehydrogenase [NAD] subunit alpha, mitochondrial-like"
"105","crg:105334926","Day 0","turquoise","crg00020","Citrate cycle (TCA cycle)",29,24,"105334926",0.827586206896552,0.00000000992131318545848,8.00343084080413,0.00000014446824463036,"LOC111125610"," isocitrate dehydrogenase [NAD] subunit beta, mitochondrial-like"
"106","crg:105334926","Day 0","turquoise","crg00020","Citrate cycle (TCA cycle)",29,24,"105334926",0.827586206896552,0.00000000992131318545848,8.00343084080413,0.00000014446824463036,"LOC111123350"," isocitrate dehydrogenase [NAD] subunit beta, mitochondrial-like"
"107","crg:105349203","Day 0","turquoise","crg00020","Citrate cycle (TCA cycle)",29,24,"105349203",0.827586206896552,0.00000000992131318545848,8.00343084080413,0.00000014446824463036,"LOC111110280"," isocitrate dehydrogenase [NAD] subunit gamma, mitochondrial-like"
"108","crg:105349203","Day 0","turquoise","crg00020","Citrate cycle (TCA cycle)",29,24,"105349203",0.827586206896552,0.00000000992131318545848,8.00343084080413,0.00000014446824463036,"LOC111109973"," isocitrate dehydrogenase [NAD] subunit gamma, mitochondrial-like"
"109","crg:105343888","Day 0","turquoise","crg00020","Citrate cycle (TCA cycle)",29,24,"105343888",0.827586206896552,0.00000000992131318545848,8.00343084080413,0.00000014446824463036,"LOC111129934"," malate dehydrogenase, cytoplasmic-like"
"110","crg:105333137","Day 0","turquoise","crg00020","Citrate cycle (TCA cycle)",29,24,"105333137",0.827586206896552,0.00000000992131318545848,8.00343084080413,0.00000014446824463036,"LOC111136621"," malate dehydrogenase, mitochondrial-like"
"111","crg:105326107","Day 0","turquoise","crg00020","Citrate cycle (TCA cycle)",29,24,"105326107",0.827586206896552,0.00000000992131318545848,8.00343084080413,0.00000014446824463036,"LOC111135400"," phosphoenolpyruvate carboxykinase [GTP]-like"
"112","crg:105331349","Day 0","turquoise","crg00020","Citrate cycle (TCA cycle)",29,24,"105331349",0.827586206896552,0.00000000992131318545848,8.00343084080413,0.00000014446824463036,"LOC111099655"," probable pyruvate dehydrogenase E1 component subunit alpha, mitochondrial"
"113","crg:105338659","Day 0","turquoise","crg00020","Citrate cycle (TCA cycle)",29,24,"105338659",0.827586206896552,0.00000000992131318545848,8.00343084080413,0.00000014446824463036,"LOC111132318"," putative succinate dehydrogenase [ubiquinone] cytochrome b small subunit, mitochondrial"
"114","crg:105326362","Day 0","turquoise","crg00020","Citrate cycle (TCA cycle)",29,24,"105326362",0.827586206896552,0.00000000992131318545848,8.00343084080413,0.00000014446824463036,"LOC111128990"," pyruvate carboxylase, mitochondrial-like"
"115","crg:105326362","Day 0","turquoise","crg00020","Citrate cycle (TCA cycle)",29,24,"105326362",0.827586206896552,0.00000000992131318545848,8.00343084080413,0.00000014446824463036,"LOC111128687"," pyruvate carboxylase, mitochondrial-like"
"116","crg:105331349","Day 0","turquoise","crg00020","Citrate cycle (TCA cycle)",29,24,"105331349",0.827586206896552,0.00000000992131318545848,8.00343084080413,0.00000014446824463036,"LOC111099657"," pyruvate dehydrogenase E1 component subunit alpha, mitochondrial-like"
"117","crg:105331349","Day 0","turquoise","crg00020","Citrate cycle (TCA cycle)",29,24,"105331349",0.827586206896552,0.00000000992131318545848,8.00343084080413,0.00000014446824463036,"LOC111099658"," pyruvate dehydrogenase E1 component subunit alpha, mitochondrial-like"
"118","crg:105338756","Day 0","turquoise","crg00020","Citrate cycle (TCA cycle)",29,24,"105338756",0.827586206896552,0.00000000992131318545848,8.00343084080413,0.00000014446824463036,"LOC111107273"," pyruvate dehydrogenase E1 component subunit beta, mitochondrial-like"
"119","crg:105332143","Day 0","turquoise","crg00020","Citrate cycle (TCA cycle)",29,24,"105332143",0.827586206896552,0.00000000992131318545848,8.00343084080413,0.00000014446824463036,"LOC111127095"," succinate dehydrogenase cytochrome b560 subunit, mitochondrial-like"
"120","crg:105326324","Day 0","turquoise","crg00020","Citrate cycle (TCA cycle)",29,24,"105326324",0.827586206896552,0.00000000992131318545848,8.00343084080413,0.00000014446824463036,"LOC111101642"," succinate--CoA ligase [ADP-forming] subunit beta, mitochondrial-like"
"121","crg:105319941","Day 0","turquoise","crg00020","Citrate cycle (TCA cycle)",29,24,"105319941",0.827586206896552,0.00000000992131318545848,8.00343084080413,0.00000014446824463036,"LOC111101152"," succinate--CoA ligase [ADP/GDP-forming] subunit alpha, mitochondrial-like"
"122","crg:105328773","Day 0","turquoise","crg00020","Citrate cycle (TCA cycle)",29,24,"105328773",0.827586206896552,0.00000000992131318545848,8.00343084080413,0.00000014446824463036,"LOC111105925"," succinate--CoA ligase [GDP-forming] subunit beta, mitochondrial-like"
"123","crg:105328773","Day 0","turquoise","crg00020","Citrate cycle (TCA cycle)",29,24,"105328773",0.827586206896552,0.00000000992131318545848,8.00343084080413,0.00000014446824463036,"LOC111105866"," succinate--CoA ligase [GDP-forming] subunit beta, mitochondrial-like"
"124","crg:105343069","Day 0","turquoise","crg03030","DNA replication",34,27,"105343069",0.794117647058823,0.0000000063002676074322,8.20064100325073,0.000000110088886614078,"LOC111137485"," DNA polymerase alpha catalytic subunit-like"
"125","crg:105343856","Day 0","turquoise","crg03030","DNA replication",34,27,"105343856",0.794117647058823,0.0000000063002676074322,8.20064100325073,0.000000110088886614078,"LOC111130057"," DNA polymerase alpha subunit B-like"
"126","crg:105322395","Day 0","turquoise","crg03030","DNA replication",34,27,"105322395",0.794117647058823,0.0000000063002676074322,8.20064100325073,0.000000110088886614078,"LOC111112959"," DNA polymerase delta catalytic subunit-like"
"127","crg:105320389","Day 0","turquoise","crg03030","DNA replication",34,27,"105320389",0.794117647058823,0.0000000063002676074322,8.20064100325073,0.000000110088886614078,"LOC111130346"," DNA polymerase delta subunit 2-like"
"128","crg:105343553","Day 0","turquoise","crg03030","DNA replication",34,27,"105343553",0.794117647058823,0.0000000063002676074322,8.20064100325073,0.000000110088886614078,"LOC111135402"," DNA polymerase delta subunit 3-like"
"129","crg:105347002","Day 0","turquoise","crg03030","DNA replication",34,27,"105347002",0.794117647058823,0.0000000063002676074322,8.20064100325073,0.000000110088886614078,"LOC111134440"," DNA polymerase delta subunit 4-like"
"130","crg:105328709","Day 0","turquoise","crg03030","DNA replication",34,27,"105328709",0.794117647058823,0.0000000063002676074322,8.20064100325073,0.000000110088886614078,"LOC111125562"," DNA polymerase epsilon catalytic subunit A-like"
"131","crg:105334100","Day 0","turquoise","crg03030","DNA replication",34,27,"105334100",0.794117647058823,0.0000000063002676074322,8.20064100325073,0.000000110088886614078,"LOC111121347"," DNA primase large subunit-like"
"132","crg:105334100","Day 0","turquoise","crg03030","DNA replication",34,27,"105334100",0.794117647058823,0.0000000063002676074322,8.20064100325073,0.000000110088886614078,"LOC111122245"," DNA primase large subunit-like"
"133","crg:105335846","Day 0","turquoise","crg03030","DNA replication",34,27,"105335846",0.794117647058823,0.0000000063002676074322,8.20064100325073,0.000000110088886614078,"LOC111126192"," DNA primase small subunit-like"
"134","crg:105332648","Day 0","turquoise","crg03030","DNA replication",34,27,"105332648",0.794117647058823,0.0000000063002676074322,8.20064100325073,0.000000110088886614078,"LOC111132235"," DNA replication ATP-dependent helicase/nuclease DNA2-like"
"135","crg:105328785","Day 0","turquoise","crg03030","DNA replication",34,27,"105328785",0.794117647058823,0.0000000063002676074322,8.20064100325073,0.000000110088886614078,"LOC111109564"," DNA replication licensing factor mcm2-like"
"136","crg:105328785","Day 0","turquoise","crg03030","DNA replication",34,27,"105328785",0.794117647058823,0.0000000063002676074322,8.20064100325073,0.000000110088886614078,"LOC111105728"," DNA replication licensing factor mcm2-like"
"137","crg:105345205","Day 0","turquoise","crg03030","DNA replication",34,27,"105345205",0.794117647058823,0.0000000063002676074322,8.20064100325073,0.000000110088886614078,"LOC111131693"," DNA replication licensing factor mcm5-like"
"138","crg:105339341","Day 0","turquoise","crg03030","DNA replication",34,27,"105339341",0.794117647058823,0.0000000063002676074322,8.20064100325073,0.000000110088886614078,"LOC111136042"," DNA replication licensing factor mcm7-like"
"139","crg:105322124","Day 0","turquoise","crg03030","DNA replication",34,27,"105322124",0.794117647058823,0.0000000063002676074322,8.20064100325073,0.000000110088886614078,"LOC111137273"," flap endonuclease 1-like"
"140","crg:105341104","Day 0","turquoise","crg03030","DNA replication",34,27,"105341104",0.794117647058823,0.0000000063002676074322,8.20064100325073,0.000000110088886614078,"LOC111120673"," proliferating cell nuclear antigen-like"
"141","crg:105319440","Day 0","turquoise","crg03030","DNA replication",34,27,"105319440",0.794117647058823,0.0000000063002676074322,8.20064100325073,0.000000110088886614078,"LOC111108767"," replication factor C subunit 1-like"
"142","crg:105319440","Day 0","turquoise","crg03030","DNA replication",34,27,"105319440",0.794117647058823,0.0000000063002676074322,8.20064100325073,0.000000110088886614078,"LOC111131355"," replication factor C subunit 1-like"
"143","crg:105339014","Day 0","turquoise","crg03030","DNA replication",34,27,"105339014",0.794117647058823,0.0000000063002676074322,8.20064100325073,0.000000110088886614078,"LOC111122897"," replication factor C subunit 3-like"
"144","crg:105332688","Day 0","turquoise","crg03030","DNA replication",34,27,"105332688",0.794117647058823,0.0000000063002676074322,8.20064100325073,0.000000110088886614078,"LOC111135799"," replication factor C subunit 4-like"
"145","crg:105332020","Day 0","turquoise","crg03030","DNA replication",34,27,"105332020",0.794117647058823,0.0000000063002676074322,8.20064100325073,0.000000110088886614078,"LOC111137687"," replication factor C subunit 5-like"
"146","crg:105342471","Day 0","turquoise","crg03030","DNA replication",34,27,"105342471",0.794117647058823,0.0000000063002676074322,8.20064100325073,0.000000110088886614078,"LOC111126776"," replication protein A 14 kDa subunit-like"
"147","crg:105338480","Day 0","turquoise","crg03030","DNA replication",34,27,"105338480",0.794117647058823,0.0000000063002676074322,8.20064100325073,0.000000110088886614078,"LOC111120888"," replication protein A 32 kDa subunit-like"
"148","crg:105335600","Day 0","turquoise","crg03030","DNA replication",34,27,"105335600",0.794117647058823,0.0000000063002676074322,8.20064100325073,0.000000110088886614078,"LOC111134654"," replication protein A 70 kDa DNA-binding subunit-like"
"149","crg:105347455","Day 0","turquoise","crg03030","DNA replication",34,27,"105347455",0.794117647058823,0.0000000063002676074322,8.20064100325073,0.000000110088886614078,"LOC111120003"," ribonuclease H1-like"
"150","crg:105347455","Day 0","turquoise","crg03030","DNA replication",34,27,"105347455",0.794117647058823,0.0000000063002676074322,8.20064100325073,0.000000110088886614078,"LOC111120733"," ribonuclease H1-like"
"151","crg:105343752","Day 0","turquoise","crg03030","DNA replication",34,27,"105343752",0.794117647058823,0.0000000063002676074322,8.20064100325073,0.000000110088886614078,"LOC111137577"," ribonuclease H2 subunit A-like"
"152","crg:105340418","Day 0","turquoise","crg03030","DNA replication",34,27,"105340418",0.794117647058823,0.0000000063002676074322,8.20064100325073,0.000000110088886614078,"LOC111129358"," ribonuclease H2 subunit C-like"
"153","crg:105343172","Day 0","turquoise","crg03030","DNA replication",34,27,"105343172",0.794117647058823,0.0000000063002676074322,8.20064100325073,0.000000110088886614078,"LOC111124297"," zygotic DNA replication licensing factor mcm3-like"
"154","crg:105326850","Day 0","turquoise","crg03030","DNA replication",34,27,"105326850",0.794117647058823,0.0000000063002676074322,8.20064100325073,0.000000110088886614078,"LOC111103623"," zygotic DNA replication licensing factor mcm6-B-like"
"155","crg:105338838","Day 0","turquoise","crg03013","Nucleocytoplasmic transport",95,60,"105338838",0.631578947368421,0.0000000000527502404477467,10.2777755564115,0.00000000153623507268877,"LOC111138352"," ATP-dependent RNA helicase DDX19A-like"
"156","crg:105323093","Day 0","turquoise","crg03013","Nucleocytoplasmic transport",95,60,"105323093",0.631578947368421,0.0000000000527502404477467,10.2777755564115,0.00000000153623507268877,"LOC111124701"," E3 SUMO-protein ligase RanBP2-like"
"157","crg:105323093","Day 0","turquoise","crg03013","Nucleocytoplasmic transport",95,60,"105323093",0.631578947368421,0.0000000000527502404477467,10.2777755564115,0.00000000153623507268877,"LOC111124696"," E3 SUMO-protein ligase RanBP2-like"
"158","crg:105327885","Day 0","turquoise","crg03013","Nucleocytoplasmic transport",95,60,"105327885",0.631578947368421,0.0000000000527502404477467,10.2777755564115,0.00000000153623507268877,"LOC111114937"," GTP-binding nuclear protein Ran"
"159","crg:105348755","Day 0","turquoise","crg03013","Nucleocytoplasmic transport",95,60,"105348755",0.631578947368421,0.0000000000527502404477467,10.2777755564115,0.00000000153623507268877,"LOC111134475"," RNA-binding protein 8A-like"
"160","crg:105321021","Day 0","turquoise","crg03013","Nucleocytoplasmic transport",95,60,"105321021",0.631578947368421,0.0000000000527502404477467,10.2777755564115,0.00000000153623507268877,"LOC111121238"," RNA-binding protein with serine-rich domain 1-B-like"
"161","crg:105338779","Day 0","turquoise","crg03013","Nucleocytoplasmic transport",95,60,"105338779",0.631578947368421,0.0000000000527502404477467,10.2777755564115,0.00000000153623507268877,"LOC111121726"," THO complex subunit 1-like"
"162","crg:105338779","Day 0","turquoise","crg03013","Nucleocytoplasmic transport",95,60,"105338779",0.631578947368421,0.0000000000527502404477467,10.2777755564115,0.00000000153623507268877,"LOC111121011"," THO complex subunit 1-like"
"163","crg:105330153","Day 0","turquoise","crg03013","Nucleocytoplasmic transport",95,60,"105330153",0.631578947368421,0.0000000000527502404477467,10.2777755564115,0.00000000153623507268877,"LOC111124560"," THO complex subunit 2-like"
"164","crg:105336393","Day 0","turquoise","crg03013","Nucleocytoplasmic transport",95,60,"105336393",0.631578947368421,0.0000000000527502404477467,10.2777755564115,0.00000000153623507268877,"LOC111136278"," THO complex subunit 3-like"
"165","crg:105346723","Day 0","turquoise","crg03013","Nucleocytoplasmic transport",95,60,"105346723",0.631578947368421,0.0000000000527502404477467,10.2777755564115,0.00000000153623507268877,"LOC111138479"," THO complex subunit 6 homolog"
"166","crg:105342267","Day 0","turquoise","crg03013","Nucleocytoplasmic transport",95,60,"105342267",0.631578947368421,0.0000000000527502404477467,10.2777755564115,0.00000000153623507268877,"LOC111131013"," THO complex subunit 7 homolog"
"167","crg:105337759","Day 0","turquoise","crg03013","Nucleocytoplasmic transport",95,60,"105337759",0.631578947368421,0.0000000000527502404477467,10.2777755564115,0.00000000153623507268877,"LOC111134707"," apoptotic chromatin condensation inducer in the nucleus-like"
"168","crg:105345320","Day 0","turquoise","crg03013","Nucleocytoplasmic transport",95,60,"105345320",0.631578947368421,0.0000000000527502404477467,10.2777755564115,0.00000000153623507268877,"LOC111129825"," exportin-1-like"
"169","crg:105340722","Day 0","turquoise","crg03013","Nucleocytoplasmic transport",95,60,"105340722",0.631578947368421,0.0000000000527502404477467,10.2777755564115,0.00000000153623507268877,"LOC111122065"," exportin-2-like"
"170","crg:105347624","Day 0","turquoise","crg03013","Nucleocytoplasmic transport",95,60,"105347624",0.631578947368421,0.0000000000527502404477467,10.2777755564115,0.00000000153623507268877,"LOC111110572"," exportin-T-like"
"171","crg:105347624","Day 0","turquoise","crg03013","Nucleocytoplasmic transport",95,60,"105347624",0.631578947368421,0.0000000000527502404477467,10.2777755564115,0.00000000153623507268877,"LOC111110088"," exportin-T-like"
"172","crg:105330652","Day 0","turquoise","crg03013","Nucleocytoplasmic transport",95,60,"105330652",0.631578947368421,0.0000000000527502404477467,10.2777755564115,0.00000000153623507268877,"LOC111103867"," importin subunit alpha-1-like"
"173","crg:105330652","Day 0","turquoise","crg03013","Nucleocytoplasmic transport",95,60,"105330652",0.631578947368421,0.0000000000527502404477467,10.2777755564115,0.00000000153623507268877,"LOC111104381"," importin subunit alpha-1-like"
"174","crg:105340606","Day 0","turquoise","crg03013","Nucleocytoplasmic transport",95,60,"105340606",0.631578947368421,0.0000000000527502404477467,10.2777755564115,0.00000000153623507268877,"LOC111135764"," importin subunit alpha-2-like"
"175","crg:105332258","Day 0","turquoise","crg03013","Nucleocytoplasmic transport",95,60,"105332258",0.631578947368421,0.0000000000527502404477467,10.2777755564115,0.00000000153623507268877,"LOC111103812"," importin subunit alpha-7-like"
"176","crg:105317890","Day 0","turquoise","crg03013","Nucleocytoplasmic transport",95,60,"105317890",0.631578947368421,0.0000000000527502404477467,10.2777755564115,0.00000000153623507268877,"LOC111113217"," importin subunit beta-1-like"
"177","crg:105317890","Day 0","turquoise","crg03013","Nucleocytoplasmic transport",95,60,"105317890",0.631578947368421,0.0000000000527502404477467,10.2777755564115,0.00000000153623507268877,"LOC111126562"," importin subunit beta-1-like"
"178","crg:105347897","Day 0","turquoise","crg03013","Nucleocytoplasmic transport",95,60,"105347897",0.631578947368421,0.0000000000527502404477467,10.2777755564115,0.00000000153623507268877,"LOC111131105"," importin-11-like"
"179","crg:105320282","Day 0","turquoise","crg03013","Nucleocytoplasmic transport",95,60,"105320282",0.631578947368421,0.0000000000527502404477467,10.2777755564115,0.00000000153623507268877,"LOC111137854"," importin-4-like"
"180","crg:105320282","Day 0","turquoise","crg03013","Nucleocytoplasmic transport",95,60,"105320282",0.631578947368421,0.0000000000527502404477467,10.2777755564115,0.00000000153623507268877,"LOC111117589"," importin-4-like"
"181","crg:105346647","Day 0","turquoise","crg03013","Nucleocytoplasmic transport",95,60,"105346647",0.631578947368421,0.0000000000527502404477467,10.2777755564115,0.00000000153623507268877,"LOC111136185"," importin-5-like"
"182","crg:105337096","Day 0","turquoise","crg03013","Nucleocytoplasmic transport",95,60,"105337096",0.631578947368421,0.0000000000527502404477467,10.2777755564115,0.00000000153623507268877,"LOC111131148"," importin-7-like"
"183","crg:105321677","Day 0","turquoise","crg03013","Nucleocytoplasmic transport",95,60,"105321677",0.631578947368421,0.0000000000527502404477467,10.2777755564115,0.00000000153623507268877,"LOC111107977"," importin-9-like"
"184","crg:105321677","Day 0","turquoise","crg03013","Nucleocytoplasmic transport",95,60,"105321677",0.631578947368421,0.0000000000527502404477467,10.2777755564115,0.00000000153623507268877,"LOC111107093"," importin-9-like"
"185","crg:105321677","Day 0","turquoise","crg03013","Nucleocytoplasmic transport",95,60,"105321677",0.631578947368421,0.0000000000527502404477467,10.2777755564115,0.00000000153623507268877,"LOC111107593"," importin-9-like"
"186","crg:105336642","Day 0","turquoise","crg03013","Nucleocytoplasmic transport",95,60,"105336642",0.631578947368421,0.0000000000527502404477467,10.2777755564115,0.00000000153623507268877,"LOC111121417"," mRNA export factor-like"
"187","crg:105338117","Day 0","turquoise","crg03013","Nucleocytoplasmic transport",95,60,"105338117",0.631578947368421,0.0000000000527502404477467,10.2777755564115,0.00000000153623507268877,"LOC111135537"," mucin-19-like"
"188","crg:105318090","Day 0","turquoise","crg03013","Nucleocytoplasmic transport",95,60,"105318090",0.631578947368421,0.0000000000527502404477467,10.2777755564115,0.00000000153623507268877,"LOC111128793"," nuclear cap-binding protein subunit 1-like"
"189","crg:105323733","Day 0","turquoise","crg03013","Nucleocytoplasmic transport",95,60,"105323733",0.631578947368421,0.0000000000527502404477467,10.2777755564115,0.00000000153623507268877,"LOC111101712"," nuclear cap-binding protein subunit 2-like"
"190","crg:105323733","Day 0","turquoise","crg03013","Nucleocytoplasmic transport",95,60,"105323733",0.631578947368421,0.0000000000527502404477467,10.2777755564115,0.00000000153623507268877,"LOC111101880"," nuclear cap-binding protein subunit 2-like"
"191","crg:105346252","Day 0","turquoise","crg03013","Nucleocytoplasmic transport",95,60,"105346252",0.631578947368421,0.0000000000527502404477467,10.2777755564115,0.00000000153623507268877,"LOC111099524"," nuclear pore complex protein Nup107-like"
"192","crg:105339546","Day 0","turquoise","crg03013","Nucleocytoplasmic transport",95,60,"105339546",0.631578947368421,0.0000000000527502404477467,10.2777755564115,0.00000000153623507268877,"LOC111130920"," nuclear pore complex protein Nup133-like"
"193","crg:105348482","Day 0","turquoise","crg03013","Nucleocytoplasmic transport",95,60,"105348482",0.631578947368421,0.0000000000527502404477467,10.2777755564115,0.00000000153623507268877,"LOC111120993"," nuclear pore complex protein Nup155-like"
"194","crg:105340039","Day 0","turquoise","crg03013","Nucleocytoplasmic transport",95,60,"105340039",0.631578947368421,0.0000000000527502404477467,10.2777755564115,0.00000000153623507268877,"LOC111101943"," nuclear pore complex protein Nup205-like"
"195","crg:105340039","Day 0","turquoise","crg03013","Nucleocytoplasmic transport",95,60,"105340039",0.631578947368421,0.0000000000527502404477467,10.2777755564115,0.00000000153623507268877,"LOC111099664"," nuclear pore complex protein Nup205-like"
"196","crg:105340039","Day 0","turquoise","crg03013","Nucleocytoplasmic transport",95,60,"105340039",0.631578947368421,0.0000000000527502404477467,10.2777755564115,0.00000000153623507268877,"LOC111100305"," nuclear pore complex protein Nup205-like"
"197","crg:105338117","Day 0","turquoise","crg03013","Nucleocytoplasmic transport",95,60,"105338117",0.631578947368421,0.0000000000527502404477467,10.2777755564115,0.00000000153623507268877,"LOC111136337"," nuclear pore complex protein Nup214-like"
"198","crg:105343646","Day 0","turquoise","crg03013","Nucleocytoplasmic transport",95,60,"105343646",0.631578947368421,0.0000000000527502404477467,10.2777755564115,0.00000000153623507268877,"LOC111125546"," nuclear pore complex protein Nup54-like"
"199","crg:105347350","Day 0","turquoise","crg03013","Nucleocytoplasmic transport",95,60,"105347350",0.631578947368421,0.0000000000527502404477467,10.2777755564115,0.00000000153623507268877,"LOC111121980"," nuclear pore complex protein Nup85-like"
"200","crg:105324858","Day 0","turquoise","crg03013","Nucleocytoplasmic transport",95,60,"105324858",0.631578947368421,0.0000000000527502404477467,10.2777755564115,0.00000000153623507268877,"LOC111135936"," nuclear pore complex protein Nup88-like"
"201","crg:105334708","Day 0","turquoise","crg03013","Nucleocytoplasmic transport",95,60,"105334708",0.631578947368421,0.0000000000527502404477467,10.2777755564115,0.00000000153623507268877,"LOC111136615"," nuclear pore complex protein Nup93-like"
"202","crg:105320975","Day 0","turquoise","crg03013","Nucleocytoplasmic transport",95,60,"105320975",0.631578947368421,0.0000000000527502404477467,10.2777755564115,0.00000000153623507268877,"LOC111122996"," nuclear pore complex protein Nup98-Nup96-like"
"203","crg:105325291","Day 0","turquoise","crg03013","Nucleocytoplasmic transport",95,60,"105325291",0.631578947368421,0.0000000000527502404477467,10.2777755564115,0.00000000153623507268877,"LOC111127431"," nuclear pore glycoprotein p62-like"
"204","crg:105330354","Day 0","turquoise","crg03013","Nucleocytoplasmic transport",95,60,"105330354",0.631578947368421,0.0000000000527502404477467,10.2777755564115,0.00000000153623507268877,"LOC111118211"," nuclear pore membrane glycoprotein 210-like"
"205","crg:105334941","Day 0","turquoise","crg03013","Nucleocytoplasmic transport",95,60,"105334941",0.631578947368421,0.0000000000527502404477467,10.2777755564115,0.00000000153623507268877,"LOC111125592"," nucleoporin NUP188 homolog"
"206","crg:105334941","Day 0","turquoise","crg03013","Nucleocytoplasmic transport",95,60,"105334941",0.631578947368421,0.0000000000527502404477467,10.2777755564115,0.00000000153623507268877,"LOC111124932"," nucleoporin NUP188 homolog"
"207","crg:105344637","Day 0","turquoise","crg03013","Nucleocytoplasmic transport",95,60,"105344637",0.631578947368421,0.0000000000527502404477467,10.2777755564115,0.00000000153623507268877,"LOC111136554"," nucleoporin NUP53-like"
"208","crg:105330288","Day 0","turquoise","crg03013","Nucleocytoplasmic transport",95,60,"105330288",0.631578947368421,0.0000000000527502404477467,10.2777755564115,0.00000000153623507268877,"LOC111104293"," nucleoporin Nup37-like"
"209","crg:105322538","Day 0","turquoise","crg03013","Nucleocytoplasmic transport",95,60,"105322538",0.631578947368421,0.0000000000527502404477467,10.2777755564115,0.00000000153623507268877,"LOC111101511"," nucleoporin Nup43-like"
"210","crg:105322538","Day 0","turquoise","crg03013","Nucleocytoplasmic transport",95,60,"105322538",0.631578947368421,0.0000000000527502404477467,10.2777755564115,0.00000000153623507268877,"LOC111099598"," nucleoporin Nup43-like"
"211","crg:105328593","Day 0","turquoise","crg03013","Nucleocytoplasmic transport",95,60,"105328593",0.631578947368421,0.0000000000527502404477467,10.2777755564115,0.00000000153623507268877,"LOC111134885"," nucleoporin SEH1-like"
"212","crg:105347373","Day 0","turquoise","crg03013","Nucleocytoplasmic transport",95,60,"105347373",0.631578947368421,0.0000000000527502404477467,10.2777755564115,0.00000000153623507268877,"LOC111107607"," nucleoporin-like protein 2"
"213","crg:105325437","Day 0","turquoise","crg03013","Nucleocytoplasmic transport",95,60,"105325437",0.631578947368421,0.0000000000527502404477467,10.2777755564115,0.00000000153623507268877,"LOC111118796"," nucleoprotein TPR-like"
"214","crg:105330886","Day 0","turquoise","crg03013","Nucleocytoplasmic transport",95,60,"105330886",0.631578947368421,0.0000000000527502404477467,10.2777755564115,0.00000000153623507268877,"LOC111111718"," partner of Y14 and mago-like"
"215","crg:105330886","Day 0","turquoise","crg03013","Nucleocytoplasmic transport",95,60,"105330886",0.631578947368421,0.0000000000527502404477467,10.2777755564115,0.00000000153623507268877,"LOC111114674"," partner of Y14 and mago-like"
"216","crg:105347719","Day 0","turquoise","crg03013","Nucleocytoplasmic transport",95,60,"105347719",0.631578947368421,0.0000000000527502404477467,10.2777755564115,0.00000000153623507268877,"LOC111131449"," phosphorylated adapter RNA export protein-like"
"217","crg:105347719","Day 0","turquoise","crg03013","Nucleocytoplasmic transport",95,60,"105347719",0.631578947368421,0.0000000000527502404477467,10.2777755564115,0.00000000153623507268877,"LOC111131227"," phosphorylated adapter RNA export protein-like"
"218","crg:105322973","Day 0","turquoise","crg03013","Nucleocytoplasmic transport",95,60,"105322973",0.631578947368421,0.0000000000527502404477467,10.2777755564115,0.00000000153623507268877,"LOC111130363"," pinin-like"
"219","crg:105345158","Day 0","turquoise","crg03013","Nucleocytoplasmic transport",95,60,"105345158",0.631578947368421,0.0000000000527502404477467,10.2777755564115,0.00000000153623507268877,"LOC111125832"," protein CASC3-like"
"220","crg:105345158","Day 0","turquoise","crg03013","Nucleocytoplasmic transport",95,60,"105345158",0.631578947368421,0.0000000000527502404477467,10.2777755564115,0.00000000153623507268877,"LOC111123630"," protein CASC3-like"
"221","crg:105345288","Day 0","turquoise","crg03013","Nucleocytoplasmic transport",95,60,"105345288",0.631578947368421,0.0000000000527502404477467,10.2777755564115,0.00000000153623507268877,"LOC111137601"," protein ELYS-like"
"222","crg:105342784","Day 0","turquoise","crg03013","Nucleocytoplasmic transport",95,60,"105342784",0.631578947368421,0.0000000000527502404477467,10.2777755564115,0.00000000153623507268877,"LOC111106364"," protein SEC13 homolog"
"223","crg:105342784","Day 0","turquoise","crg03013","Nucleocytoplasmic transport",95,60,"105342784",0.631578947368421,0.0000000000527502404477467,10.2777755564115,0.00000000153623507268877,"LOC111133565"," protein SEC13 homolog"
"224","crg:105337940","Day 0","turquoise","crg03013","Nucleocytoplasmic transport",95,60,"105337940",0.631578947368421,0.0000000000527502404477467,10.2777755564115,0.00000000153623507268877,"LOC111120984"," protein mago nashi homolog 2"
"225","crg:105331767","Day 0","turquoise","crg03013","Nucleocytoplasmic transport",95,60,"105331767",0.631578947368421,0.0000000000527502404477467,10.2777755564115,0.00000000153623507268877,"LOC111125457"," ran GTPase-activating protein 1-like"
"226","crg:105331061","Day 0","turquoise","crg03013","Nucleocytoplasmic transport",95,60,"105331061",0.631578947368421,0.0000000000527502404477467,10.2777755564115,0.00000000153623507268877,"LOC111129063"," regulator of nonsense transcripts 1-like"
"227","crg:105331061","Day 0","turquoise","crg03013","Nucleocytoplasmic transport",95,60,"105331061",0.631578947368421,0.0000000000527502404477467,10.2777755564115,0.00000000153623507268877,"LOC111129219"," regulator of nonsense transcripts 1-like"
"228","crg:105339039","Day 0","turquoise","crg03013","Nucleocytoplasmic transport",95,60,"105339039",0.631578947368421,0.0000000000527502404477467,10.2777755564115,0.00000000153623507268877,"LOC111125574"," small ubiquitin-related modifier 2-like"
"229","crg:105339039","Day 0","turquoise","crg03013","Nucleocytoplasmic transport",95,60,"105339039",0.631578947368421,0.0000000000527502404477467,10.2777755564115,0.00000000153623507268877,"LOC111125573"," small ubiquitin-related modifier 3-like"
"230","crg:105319209","Day 0","turquoise","crg03013","Nucleocytoplasmic transport",95,60,"105319209",0.631578947368421,0.0000000000527502404477467,10.2777755564115,0.00000000153623507268877,"LOC111125507"," spliceosome RNA helicase DDX39B"
"231","crg:105317890","Day 0","turquoise","crg03013","Nucleocytoplasmic transport",95,60,"105317890",0.631578947368421,0.0000000000527502404477467,10.2777755564115,0.00000000153623507268877,"LOC111113215"," tensin-1-like"
"232","crg:105317890","Day 0","turquoise","crg03013","Nucleocytoplasmic transport",95,60,"105317890",0.631578947368421,0.0000000000527502404477467,10.2777755564115,0.00000000153623507268877,"LOC111126560"," tensin-1-like"
"233","crg:105340881","Day 0","turquoise","crg03013","Nucleocytoplasmic transport",95,60,"105340881",0.631578947368421,0.0000000000527502404477467,10.2777755564115,0.00000000153623507268877,"LOC111123383"," transmembrane protein 33-like"
"234","crg:105340881","Day 0","turquoise","crg03013","Nucleocytoplasmic transport",95,60,"105340881",0.631578947368421,0.0000000000527502404477467,10.2777755564115,0.00000000153623507268877,"LOC111122597"," transmembrane protein 33-like"
"235","crg:105318490","Day 0","turquoise","crg03013","Nucleocytoplasmic transport",95,60,"105318490",0.631578947368421,0.0000000000527502404477467,10.2777755564115,0.00000000153623507268877,"LOC111118745"," transportin-1-like"
"236","crg:105320716","Day 0","turquoise","crg03013","Nucleocytoplasmic transport",95,60,"105320716",0.631578947368421,0.0000000000527502404477467,10.2777755564115,0.00000000153623507268877,"LOC111104027"," transportin-3-like"
"237","crg:105324755","Day 0","turquoise","crg00190","Oxidative phosphorylation",84,54,"105324755",0.642857142857143,0.00000000018662966814668,9.72901931617254,0.00000000407638485688802,"LOC111102414"," ATP synthase F(0) complex subunit B1, mitochondrial-like"
"238","crg:105329525","Day 0","turquoise","crg00190","Oxidative phosphorylation",84,54,"105329525",0.642857142857143,0.00000000018662966814668,9.72901931617254,0.00000000407638485688802,"LOC111138187"," ATP synthase lipid-binding protein, mitochondrial-like"
"239","crg:105332067","Day 0","turquoise","crg00190","Oxidative phosphorylation",84,54,"105332067",0.642857142857143,0.00000000018662966814668,9.72901931617254,0.00000000407638485688802,"LOC111130549"," ATP synthase subunit alpha, mitochondrial-like"
"240","crg:105319097","Day 0","turquoise","crg00190","Oxidative phosphorylation",84,54,"105319097",0.642857142857143,0.00000000018662966814668,9.72901931617254,0.00000000407638485688802,"LOC111114597"," ATP synthase subunit beta, mitochondrial"
"241","crg:105331743","Day 0","turquoise","crg00190","Oxidative phosphorylation",84,54,"105331743",0.642857142857143,0.00000000018662966814668,9.72901931617254,0.00000000407638485688802,"LOC111119118"," ATP synthase subunit d, mitochondrial-like"
"242","crg:105343349","Day 0","turquoise","crg00190","Oxidative phosphorylation",84,54,"105343349",0.642857142857143,0.00000000018662966814668,9.72901931617254,0.00000000407638485688802,"LOC111117675"," ATP synthase subunit delta, mitochondrial-like"
"243","crg:105345750","Day 0","turquoise","crg00190","Oxidative phosphorylation",84,54,"105345750",0.642857142857143,0.00000000018662966814668,9.72901931617254,0.00000000407638485688802,"LOC111114769"," NADH dehydrogenase [ubiquinone] 1 alpha subcomplex subunit 10, mitochondrial-like"
"244","crg:105341417","Day 0","turquoise","crg00190","Oxidative phosphorylation",84,54,"105341417",0.642857142857143,0.00000000018662966814668,9.72901931617254,0.00000000407638485688802,"LOC111129428"," NADH dehydrogenase [ubiquinone] 1 alpha subcomplex subunit 13-like"
"245","crg:105341417","Day 0","turquoise","crg00190","Oxidative phosphorylation",84,54,"105341417",0.642857142857143,0.00000000018662966814668,9.72901931617254,0.00000000407638485688802,"LOC111129427"," NADH dehydrogenase [ubiquinone] 1 alpha subcomplex subunit 13-like"
"246","crg:109618245","Day 0","turquoise","crg00190","Oxidative phosphorylation",84,54,"109618245",0.642857142857143,0.00000000018662966814668,9.72901931617254,0.00000000407638485688802,"LOC111121111"," NADH dehydrogenase [ubiquinone] 1 alpha subcomplex subunit 6-like"
"247","crg:105318076","Day 0","turquoise","crg00190","Oxidative phosphorylation",84,54,"105318076",0.642857142857143,0.00000000018662966814668,9.72901931617254,0.00000000407638485688802,"LOC111133037"," NADH dehydrogenase [ubiquinone] 1 alpha subcomplex subunit 8-like"
"248","crg:105344651","Day 0","turquoise","crg00190","Oxidative phosphorylation",84,54,"105344651",0.642857142857143,0.00000000018662966814668,9.72901931617254,0.00000000407638485688802,"LOC111100768"," NADH dehydrogenase [ubiquinone] 1 alpha subcomplex subunit 9, mitochondrial-like"
"249","crg:105333576","Day 0","turquoise","crg00190","Oxidative phosphorylation",84,54,"105333576",0.642857142857143,0.00000000018662966814668,9.72901931617254,0.00000000407638485688802,"LOC111120110"," NADH dehydrogenase [ubiquinone] 1 beta subcomplex subunit 10-like"
"250","crg:105333576","Day 0","turquoise","crg00190","Oxidative phosphorylation",84,54,"105333576",0.642857142857143,0.00000000018662966814668,9.72901931617254,0.00000000407638485688802,"LOC111120995"," NADH dehydrogenase [ubiquinone] 1 beta subcomplex subunit 10-like"
"251","crg:105323542","Day 0","turquoise","crg00190","Oxidative phosphorylation",84,54,"105323542",0.642857142857143,0.00000000018662966814668,9.72901931617254,0.00000000407638485688802,"LOC111108591"," NADH dehydrogenase [ubiquinone] 1 beta subcomplex subunit 11, mitochondrial-like"
"252","crg:105346116","Day 0","turquoise","crg00190","Oxidative phosphorylation",84,54,"105346116",0.642857142857143,0.00000000018662966814668,9.72901931617254,0.00000000407638485688802,"LOC111136787"," NADH dehydrogenase [ubiquinone] 1 beta subcomplex subunit 5, mitochondrial-like"
"253","crg:105341238","Day 0","turquoise","crg00190","Oxidative phosphorylation",84,54,"105341238",0.642857142857143,0.00000000018662966814668,9.72901931617254,0.00000000407638485688802,"LOC111121515"," NADH dehydrogenase [ubiquinone] 1 beta subcomplex subunit 7-like"
"254","crg:105347858","Day 0","turquoise","crg00190","Oxidative phosphorylation",84,54,"105347858",0.642857142857143,0.00000000018662966814668,9.72901931617254,0.00000000407638485688802,"LOC111104128"," NADH dehydrogenase [ubiquinone] 1 beta subcomplex subunit 8, mitochondrial-like"
"255","crg:105329407","Day 0","turquoise","crg00190","Oxidative phosphorylation",84,54,"105329407",0.642857142857143,0.00000000018662966814668,9.72901931617254,0.00000000407638485688802,"LOC111133766"," NADH dehydrogenase [ubiquinone] 1 beta subcomplex subunit 9-like"
"256","crg:105326432","Day 0","turquoise","crg00190","Oxidative phosphorylation",84,54,"105326432",0.642857142857143,0.00000000018662966814668,9.72901931617254,0.00000000407638485688802,"LOC111102448"," NADH dehydrogenase [ubiquinone] flavoprotein 1, mitochondrial-like"
"257","crg:105318424","Day 0","turquoise","crg00190","Oxidative phosphorylation",84,54,"105318424",0.642857142857143,0.00000000018662966814668,9.72901931617254,0.00000000407638485688802,"LOC111136504"," NADH dehydrogenase [ubiquinone] flavoprotein 2, mitochondrial-like"
"258","crg:105319312","Day 0","turquoise","crg00190","Oxidative phosphorylation",84,54,"105319312",0.642857142857143,0.00000000018662966814668,9.72901931617254,0.00000000407638485688802,"LOC111136515"," NADH dehydrogenase [ubiquinone] iron-sulfur protein 3, mitochondrial-like"
"259","crg:105328413","Day 0","turquoise","crg00190","Oxidative phosphorylation",84,54,"105328413",0.642857142857143,0.00000000018662966814668,9.72901931617254,0.00000000407638485688802,"LOC111101764"," NADH dehydrogenase [ubiquinone] iron-sulfur protein 4, mitochondrial-like"
"260","crg:105331281","Day 0","turquoise","crg00190","Oxidative phosphorylation",84,54,"105331281",0.642857142857143,0.00000000018662966814668,9.72901931617254,0.00000000407638485688802,"LOC111118640"," NADH dehydrogenase [ubiquinone] iron-sulfur protein 6, mitochondrial-like"
"261","crg:105344113","Day 0","turquoise","crg00190","Oxidative phosphorylation",84,54,"105344113",0.642857142857143,0.00000000018662966814668,9.72901931617254,0.00000000407638485688802,"LOC111138180"," NADH-ubiquinone oxidoreductase subunit 8-like"
"262","crg:105321566","Day 0","turquoise","crg00190","Oxidative phosphorylation",84,54,"105321566",0.642857142857143,0.00000000018662966814668,9.72901931617254,0.00000000407638485688802,"LOC111123623"," V-type proton ATPase 16 kDa proteolipid subunit-like"
"263","crg:105318622","Day 0","turquoise","crg00190","Oxidative phosphorylation",84,54,"105318622",0.642857142857143,0.00000000018662966814668,9.72901931617254,0.00000000407638485688802,"LOC111118152"," V-type proton ATPase 21 kDa proteolipid subunit-like"
"264","crg:105321678","Day 0","turquoise","crg00190","Oxidative phosphorylation",84,54,"105321678",0.642857142857143,0.00000000018662966814668,9.72901931617254,0.00000000407638485688802,"LOC111125575"," V-type proton ATPase catalytic subunit A-like"
"265","crg:105328999","Day 0","turquoise","crg00190","Oxidative phosphorylation",84,54,"105328999",0.642857142857143,0.00000000018662966814668,9.72901931617254,0.00000000407638485688802,"LOC111101041"," V-type proton ATPase subunit B"
"266","crg:105319124","Day 0","turquoise","crg00190","Oxidative phosphorylation",84,54,"105319124",0.642857142857143,0.00000000018662966814668,9.72901931617254,0.00000000407638485688802,"LOC111114799"," V-type proton ATPase subunit C 1-like"
"267","crg:105336770","Day 0","turquoise","crg00190","Oxidative phosphorylation",84,54,"105336770",0.642857142857143,0.00000000018662966814668,9.72901931617254,0.00000000407638485688802,"LOC111130836"," V-type proton ATPase subunit D-like"
"268","crg:105333395","Day 0","turquoise","crg00190","Oxidative phosphorylation",84,54,"105333395",0.642857142857143,0.00000000018662966814668,9.72901931617254,0.00000000407638485688802,"LOC111100678"," V-type proton ATPase subunit E 1-like"
"269","crg:105333395","Day 0","turquoise","crg00190","Oxidative phosphorylation",84,54,"105333395",0.642857142857143,0.00000000018662966814668,9.72901931617254,0.00000000407638485688802,"LOC111101124"," V-type proton ATPase subunit E-like"
"270","crg:105333395","Day 0","turquoise","crg00190","Oxidative phosphorylation",84,54,"105333395",0.642857142857143,0.00000000018662966814668,9.72901931617254,0.00000000407638485688802,"LOC111100266"," V-type proton ATPase subunit E-like"
"271","crg:105333395","Day 0","turquoise","crg00190","Oxidative phosphorylation",84,54,"105333395",0.642857142857143,0.00000000018662966814668,9.72901931617254,0.00000000407638485688802,"LOC111100692"," V-type proton ATPase subunit E-like"
"272","crg:105333395","Day 0","turquoise","crg00190","Oxidative phosphorylation",84,54,"105333395",0.642857142857143,0.00000000018662966814668,9.72901931617254,0.00000000407638485688802,"LOC111100679"," V-type proton ATPase subunit E-like"
"273","crg:105333395","Day 0","turquoise","crg00190","Oxidative phosphorylation",84,54,"105333395",0.642857142857143,0.00000000018662966814668,9.72901931617254,0.00000000407638485688802,"LOC111100677"," V-type proton ATPase subunit E-like"
"274","crg:105333395","Day 0","turquoise","crg00190","Oxidative phosphorylation",84,54,"105333395",0.642857142857143,0.00000000018662966814668,9.72901931617254,0.00000000407638485688802,"LOC111100268"," V-type proton ATPase subunit E-like"
"275","crg:105333395","Day 0","turquoise","crg00190","Oxidative phosphorylation",84,54,"105333395",0.642857142857143,0.00000000018662966814668,9.72901931617254,0.00000000407638485688802,"LOC111100264"," V-type proton ATPase subunit E-like"
"276","crg:105333395","Day 0","turquoise","crg00190","Oxidative phosphorylation",84,54,"105333395",0.642857142857143,0.00000000018662966814668,9.72901931617254,0.00000000407638485688802,"LOC111100263"," V-type proton ATPase subunit E-like"
"277","crg:105333395","Day 0","turquoise","crg00190","Oxidative phosphorylation",84,54,"105333395",0.642857142857143,0.00000000018662966814668,9.72901931617254,0.00000000407638485688802,"LOC111100265"," V-type proton ATPase subunit E-like"
"278","crg:105345691","Day 0","turquoise","crg00190","Oxidative phosphorylation",84,54,"105345691",0.642857142857143,0.00000000018662966814668,9.72901931617254,0.00000000407638485688802,"LOC111125836"," V-type proton ATPase subunit G-like"
"279","crg:105318342","Day 0","turquoise","crg00190","Oxidative phosphorylation",84,54,"105318342",0.642857142857143,0.00000000018662966814668,9.72901931617254,0.00000000407638485688802,"LOC111134337"," V-type proton ATPase subunit H-like"
"280","crg:105318218","Day 0","turquoise","crg00190","Oxidative phosphorylation",84,54,"105318218",0.642857142857143,0.00000000018662966814668,9.72901931617254,0.00000000407638485688802,"LOC111135828"," V-type proton ATPase subunit d 1-like"
"281","crg:105339285","Day 0","turquoise","crg00190","Oxidative phosphorylation",84,54,"105339285",0.642857142857143,0.00000000018662966814668,9.72901931617254,0.00000000407638485688802,"LOC111137078"," V-type proton ATPase subunit e 2-like"
"282","crg:105321030","Day 0","turquoise","crg00190","Oxidative phosphorylation",84,54,"105321030",0.642857142857143,0.00000000018662966814668,9.72901931617254,0.00000000407638485688802,"LOC111121087"," acyl carrier protein, mitochondrial-like"
"283","crg:105332665","Day 0","turquoise","crg00190","Oxidative phosphorylation",84,54,"105332665",0.642857142857143,0.00000000018662966814668,9.72901931617254,0.00000000407638485688802,"LOC111121564"," cytochrome b-c1 complex subunit 2, mitochondrial-like"
"284","crg:105336649","Day 0","turquoise","crg00190","Oxidative phosphorylation",84,54,"105336649",0.642857142857143,0.00000000018662966814668,9.72901931617254,0.00000000407638485688802,"LOC111118611"," cytochrome b-c1 complex subunit 6, mitochondrial-like"
"285","crg:105345808","Day 0","turquoise","crg00190","Oxidative phosphorylation",84,54,"105345808",0.642857142857143,0.00000000018662966814668,9.72901931617254,0.00000000407638485688802,"LOC111135946"," cytochrome b-c1 complex subunit Rieske, mitochondrial-like"
"286","crg:105321666","Day 0","turquoise","crg00190","Oxidative phosphorylation",84,54,"105321666",0.642857142857143,0.00000000018662966814668,9.72901931617254,0.00000000407638485688802,"LOC111132054"," cytochrome c oxidase assembly protein COX15 homolog"
"287","crg:105335080","Day 0","turquoise","crg00190","Oxidative phosphorylation",84,54,"105335080",0.642857142857143,0.00000000018662966814668,9.72901931617254,0.00000000407638485688802,"LOC111119332"," cytochrome c oxidase assembly protein ctaG-like"
"288","crg:105347217","Day 0","turquoise","crg00190","Oxidative phosphorylation",84,54,"105347217",0.642857142857143,0.00000000018662966814668,9.72901931617254,0.00000000407638485688802,"LOC111133662"," cytochrome c oxidase subunit 4 isoform 1, mitochondrial-like"
"289","crg:105347217","Day 0","turquoise","crg00190","Oxidative phosphorylation",84,54,"105347217",0.642857142857143,0.00000000018662966814668,9.72901931617254,0.00000000407638485688802,"LOC111136161"," cytochrome c oxidase subunit 4 isoform 1, mitochondrial-like"
"290","crg:105342170","Day 0","turquoise","crg00190","Oxidative phosphorylation",84,54,"105342170",0.642857142857143,0.00000000018662966814668,9.72901931617254,0.00000000407638485688802,"LOC111132762"," cytochrome c oxidase subunit 6A2, mitochondrial-like"
"291","crg:105330603","Day 0","turquoise","crg00190","Oxidative phosphorylation",84,54,"105330603",0.642857142857143,0.00000000018662966814668,9.72901931617254,0.00000000407638485688802,"LOC111104049"," cytochrome c oxidase subunit NDUFA4-like"
"292","crg:105344150","Day 0","turquoise","crg00190","Oxidative phosphorylation",84,54,"105344150",0.642857142857143,0.00000000018662966814668,9.72901931617254,0.00000000407638485688802,"LOC111112645"," cytochrome c-like"
"293","crg:105332292","Day 0","turquoise","crg00190","Oxidative phosphorylation",84,54,"105332292",0.642857142857143,0.00000000018662966814668,9.72901931617254,0.00000000407638485688802,"LOC111137398"," cytochrome c1-2, heme protein, mitochondrial-like"
"294","crg:105332292","Day 0","turquoise","crg00190","Oxidative phosphorylation",84,54,"105332292",0.642857142857143,0.00000000018662966814668,9.72901931617254,0.00000000407638485688802,"LOC111132066"," cytochrome c1-2, heme protein, mitochondrial-like"
"295","crg:105329817","Day 0","turquoise","crg00190","Oxidative phosphorylation",84,54,"105329817",0.642857142857143,0.00000000018662966814668,9.72901931617254,0.00000000407638485688802,"LOC111118590"," inorganic pyrophosphatase-like"
"296","crg:105329817","Day 0","turquoise","crg00190","Oxidative phosphorylation",84,54,"105329817",0.642857142857143,0.00000000018662966814668,9.72901931617254,0.00000000407638485688802,"LOC111118584"," inorganic pyrophosphatase-like"
"297","crg:105340141","Day 0","turquoise","crg00190","Oxidative phosphorylation",84,54,"105340141",0.642857142857143,0.00000000018662966814668,9.72901931617254,0.00000000407638485688802,"LOC111126886"," probable NADH dehydrogenase [ubiquinone] 1 alpha subcomplex subunit 5"
"298","crg:105340141","Day 0","turquoise","crg00190","Oxidative phosphorylation",84,54,"105340141",0.642857142857143,0.00000000018662966814668,9.72901931617254,0.00000000407638485688802,"LOC111126983"," probable NADH dehydrogenase [ubiquinone] 1 alpha subcomplex subunit 5"
"299","crg:105325585","Day 0","turquoise","crg00190","Oxidative phosphorylation",84,54,"105325585",0.642857142857143,0.00000000018662966814668,9.72901931617254,0.00000000407638485688802,"LOC111117954"," protoheme IX farnesyltransferase, mitochondrial-like"
"300","crg:105322557","Day 0","turquoise","crg00190","Oxidative phosphorylation",84,54,"105322557",0.642857142857143,0.00000000018662966814668,9.72901931617254,0.00000000407638485688802,"LOC111119450"," putative ATP synthase subunit f, mitochondrial"
"301","crg:105322557","Day 0","turquoise","crg00190","Oxidative phosphorylation",84,54,"105322557",0.642857142857143,0.00000000018662966814668,9.72901931617254,0.00000000407638485688802,"LOC111121285"," putative ATP synthase subunit f, mitochondrial"
"302","crg:105338659","Day 0","turquoise","crg00190","Oxidative phosphorylation",84,54,"105338659",0.642857142857143,0.00000000018662966814668,9.72901931617254,0.00000000407638485688802,"LOC111132318"," putative succinate dehydrogenase [ubiquinone] cytochrome b small subunit, mitochondrial"
"303","crg:105332143","Day 0","turquoise","crg00190","Oxidative phosphorylation",84,54,"105332143",0.642857142857143,0.00000000018662966814668,9.72901931617254,0.00000000407638485688802,"LOC111127095"," succinate dehydrogenase cytochrome b560 subunit, mitochondrial-like"
"304","crg:105329817","Day 0","turquoise","crg00190","Oxidative phosphorylation",84,54,"105329817",0.642857142857143,0.00000000018662966814668,9.72901931617254,0.00000000407638485688802,"LOC111118585"," uncharacterized"
"305","crg:105326289","Day 0","turquoise","crg00280","Valine, leucine and isoleucine degradation",47,37,"105326289",0.787234042553192,0.0000000000138679340233826,10.8579882331643,0.000000000605809749442505,"LOC111129319"," 2-oxoisovalerate dehydrogenase subunit alpha, mitochondrial-like"
"306","crg:105348639","Day 0","turquoise","crg00280","Valine, leucine and isoleucine degradation",47,37,"105348639",0.787234042553192,0.0000000000138679340233826,10.8579882331643,0.000000000605809749442505,"LOC111103958"," 2-oxoisovalerate dehydrogenase subunit beta, mitochondrial-like"
"307","crg:105349048","Day 0","turquoise","crg00280","Valine, leucine and isoleucine degradation",47,37,"105349048",0.787234042553192,0.0000000000138679340233826,10.8579882331643,0.000000000605809749442505,"LOC111106365"," 3-hydroxyacyl-CoA dehydrogenase type-2-like"
"308","crg:105349048","Day 0","turquoise","crg00280","Valine, leucine and isoleucine degradation",47,37,"105349048",0.787234042553192,0.0000000000138679340233826,10.8579882331643,0.000000000605809749442505,"LOC111108694"," 3-hydroxyacyl-CoA dehydrogenase type-2-like"
"309","crg:105338271","Day 0","turquoise","crg00280","Valine, leucine and isoleucine degradation",47,37,"105338271",0.787234042553192,0.0000000000138679340233826,10.8579882331643,0.000000000605809749442505,"LOC111124057"," 3-hydroxyisobutyrate dehydrogenase, mitochondrial-like"
"310","crg:105332278","Day 0","turquoise","crg00280","Valine, leucine and isoleucine degradation",47,37,"105332278",0.787234042553192,0.0000000000138679340233826,10.8579882331643,0.000000000605809749442505,"LOC111118132"," 3-hydroxyisobutyryl-CoA hydrolase, mitochondrial-like"
"311","crg:105332278","Day 0","turquoise","crg00280","Valine, leucine and isoleucine degradation",47,37,"105332278",0.787234042553192,0.0000000000138679340233826,10.8579882331643,0.000000000605809749442505,"LOC111116870"," 3-hydroxyisobutyryl-CoA hydrolase, mitochondrial-like"
"312","crg:105320064","Day 0","turquoise","crg00280","Valine, leucine and isoleucine degradation",47,37,"105320064",0.787234042553192,0.0000000000138679340233826,10.8579882331643,0.000000000605809749442505,"LOC111127947"," 3-ketoacyl-CoA thiolase, mitochondrial-like"
"313","crg:105331957","Day 0","turquoise","crg00280","Valine, leucine and isoleucine degradation",47,37,"105331957",0.787234042553192,0.0000000000138679340233826,10.8579882331643,0.000000000605809749442505,"LOC111106568"," 4-aminobutyrate aminotransferase, mitochondrial-like"
"314","crg:105331957","Day 0","turquoise","crg00280","Valine, leucine and isoleucine degradation",47,37,"105331957",0.787234042553192,0.0000000000138679340233826,10.8579882331643,0.000000000605809749442505,"LOC111109618"," 4-aminobutyrate aminotransferase, mitochondrial-like"
"315","crg:105335508","Day 0","turquoise","crg00280","Valine, leucine and isoleucine degradation",47,37,"105335508",0.787234042553192,0.0000000000138679340233826,10.8579882331643,0.000000000605809749442505,"LOC111119686"," 4-aminobutyrate aminotransferase, mitochondrial-like"
"316","crg:105326193","Day 0","turquoise","crg00280","Valine, leucine and isoleucine degradation",47,37,"105326193",0.787234042553192,0.0000000000138679340233826,10.8579882331643,0.000000000605809749442505,"LOC111112920"," 4-trimethylaminobutyraldehyde dehydrogenase-like"
"317","crg:105326193","Day 0","turquoise","crg00280","Valine, leucine and isoleucine degradation",47,37,"105326193",0.787234042553192,0.0000000000138679340233826,10.8579882331643,0.000000000605809749442505,"LOC111115614"," 4-trimethylaminobutyraldehyde dehydrogenase-like"
"318","crg:105328951","Day 0","turquoise","crg00280","Valine, leucine and isoleucine degradation",47,37,"105328951",0.787234042553192,0.0000000000138679340233826,10.8579882331643,0.000000000605809749442505,"LOC111106209"," acetoacetyl-CoA synthetase-like"
"319","crg:105328951","Day 0","turquoise","crg00280","Valine, leucine and isoleucine degradation",47,37,"105328951",0.787234042553192,0.0000000000138679340233826,10.8579882331643,0.000000000605809749442505,"LOC111109449"," acetoacetyl-CoA synthetase-like"
"320","crg:105339623","Day 0","turquoise","crg00280","Valine, leucine and isoleucine degradation",47,37,"105339623",0.787234042553192,0.0000000000138679340233826,10.8579882331643,0.000000000605809749442505,"LOC111104702"," acetyl-CoA acetyltransferase, mitochondrial-like"
"321","crg:105342284","Day 0","turquoise","crg00280","Valine, leucine and isoleucine degradation",47,37,"105342284",0.787234042553192,0.0000000000138679340233826,10.8579882331643,0.000000000605809749442505,"LOC111099175"," acyl-CoA synthetase family member 3, mitochondrial-like"
"322","crg:105338391","Day 0","turquoise","crg00280","Valine, leucine and isoleucine degradation",47,37,"105338391",0.787234042553192,0.0000000000138679340233826,10.8579882331643,0.000000000605809749442505,"LOC111135360"," alanine--glyoxylate aminotransferase 2, mitochondrial-like"
"323","crg:105344389","Day 0","turquoise","crg00280","Valine, leucine and isoleucine degradation",47,37,"105344389",0.787234042553192,0.0000000000138679340233826,10.8579882331643,0.000000000605809749442505,"LOC111130419"," aldehyde dehydrogenase, mitochondrial-like"
"324","crg:105339502","Day 0","turquoise","crg00280","Valine, leucine and isoleucine degradation",47,37,"105339502",0.787234042553192,0.0000000000138679340233826,10.8579882331643,0.000000000605809749442505,"LOC111108359"," dihydrolipoyl dehydrogenase, mitochondrial-like"
"325","crg:105339502","Day 0","turquoise","crg00280","Valine, leucine and isoleucine degradation",47,37,"105339502",0.787234042553192,0.0000000000138679340233826,10.8579882331643,0.000000000605809749442505,"LOC111109254"," dihydrolipoyl dehydrogenase, mitochondrial-like"
"326","crg:105341094","Day 0","turquoise","crg00280","Valine, leucine and isoleucine degradation",47,37,"105341094",0.787234042553192,0.0000000000138679340233826,10.8579882331643,0.000000000605809749442505,"LOC111120704"," enoyl-CoA hydratase, mitochondrial-like"
"327","crg:105348652","Day 0","turquoise","crg00280","Valine, leucine and isoleucine degradation",47,37,"105348652",0.787234042553192,0.0000000000138679340233826,10.8579882331643,0.000000000605809749442505,"LOC111120712"," hydroxyacyl-coenzyme A dehydrogenase, mitochondrial-like"
"328","crg:105348652","Day 0","turquoise","crg00280","Valine, leucine and isoleucine degradation",47,37,"105348652",0.787234042553192,0.0000000000138679340233826,10.8579882331643,0.000000000605809749442505,"LOC111118201"," hydroxyacyl-coenzyme A dehydrogenase, mitochondrial-like"
"329","crg:105327779","Day 0","turquoise","crg00280","Valine, leucine and isoleucine degradation",47,37,"105327779",0.787234042553192,0.0000000000138679340233826,10.8579882331643,0.000000000605809749442505,"LOC111116092"," hydroxymethylglutaryl-CoA lyase, mitochondrial-like"
"330","crg:105345575","Day 0","turquoise","crg00280","Valine, leucine and isoleucine degradation",47,37,"105345575",0.787234042553192,0.0000000000138679340233826,10.8579882331643,0.000000000605809749442505,"LOC111122171"," hydroxymethylglutaryl-CoA synthase 1-like"
"331","crg:105328225","Day 0","turquoise","crg00280","Valine, leucine and isoleucine degradation",47,37,"105328225",0.787234042553192,0.0000000000138679340233826,10.8579882331643,0.000000000605809749442505,"LOC111104314"," isobutyryl-CoA dehydrogenase, mitochondrial-like"
"332","crg:105328225","Day 0","turquoise","crg00280","Valine, leucine and isoleucine degradation",47,37,"105328225",0.787234042553192,0.0000000000138679340233826,10.8579882331643,0.000000000605809749442505,"LOC111108792"," isobutyryl-CoA dehydrogenase, mitochondrial-like"
"333","crg:105338806","Day 0","turquoise","crg00280","Valine, leucine and isoleucine degradation",47,37,"105338806",0.787234042553192,0.0000000000138679340233826,10.8579882331643,0.000000000605809749442505,"LOC111119361"," isovaleryl-CoA dehydrogenase, mitochondrial-like"
"334","crg:105338806","Day 0","turquoise","crg00280","Valine, leucine and isoleucine degradation",47,37,"105338806",0.787234042553192,0.0000000000138679340233826,10.8579882331643,0.000000000605809749442505,"LOC111121738"," isovaleryl-CoA dehydrogenase, mitochondrial-like"
"335","crg:105318507","Day 0","turquoise","crg00280","Valine, leucine and isoleucine degradation",47,37,"105318507",0.787234042553192,0.0000000000138679340233826,10.8579882331643,0.000000000605809749442505,"LOC111121118"," lipoamide acyltransferase component of branched-chain alpha-keto acid dehydrogenase complex, mitochondrial-like"
"336","crg:105321895","Day 0","turquoise","crg00280","Valine, leucine and isoleucine degradation",47,37,"105321895",0.787234042553192,0.0000000000138679340233826,10.8579882331643,0.000000000605809749442505,"LOC111124193"," medium-chain specific acyl-CoA dehydrogenase, mitochondrial-like"
"337","crg:105328096","Day 0","turquoise","crg00280","Valine, leucine and isoleucine degradation",47,37,"105328096",0.787234042553192,0.0000000000138679340233826,10.8579882331643,0.000000000605809749442505,"LOC111111207"," methylcrotonoyl-CoA carboxylase beta chain, mitochondrial-like"
"338","crg:105337945","Day 0","turquoise","crg00280","Valine, leucine and isoleucine degradation",47,37,"105337945",0.787234042553192,0.0000000000138679340233826,10.8579882331643,0.000000000605809749442505,"LOC111121209"," methylcrotonoyl-CoA carboxylase beta chain, mitochondrial-like"
"339","crg:105345600","Day 0","turquoise","crg00280","Valine, leucine and isoleucine degradation",47,37,"105345600",0.787234042553192,0.0000000000138679340233826,10.8579882331643,0.000000000605809749442505,"LOC111135130"," methylcrotonoyl-CoA carboxylase subunit alpha, mitochondrial-like"
"340","crg:105324487","Day 0","turquoise","crg00280","Valine, leucine and isoleucine degradation",47,37,"105324487",0.787234042553192,0.0000000000138679340233826,10.8579882331643,0.000000000605809749442505,"LOC111128123"," methylmalonyl-CoA epimerase, mitochondrial-like"
"341","crg:105323160","Day 0","turquoise","crg00280","Valine, leucine and isoleucine degradation",47,37,"105323160",0.787234042553192,0.0000000000138679340233826,10.8579882331643,0.000000000605809749442505,"LOC111114899"," methylmalonyl-CoA mutase, mitochondrial-like"
"342","crg:105343896","Day 0","turquoise","crg00280","Valine, leucine and isoleucine degradation",47,37,"105343896",0.787234042553192,0.0000000000138679340233826,10.8579882331643,0.000000000605809749442505,"LOC111115883"," peroxisomal bifunctional enzyme-like"
"343","crg:105336766","Day 0","turquoise","crg00280","Valine, leucine and isoleucine degradation",47,37,"105336766",0.787234042553192,0.0000000000138679340233826,10.8579882331643,0.000000000605809749442505,"LOC111129161"," probable methylmalonate-semialdehyde dehydrogenase [acylating], mitochondrial"
"344","crg:105330479","Day 0","turquoise","crg00280","Valine, leucine and isoleucine degradation",47,37,"105330479",0.787234042553192,0.0000000000138679340233826,10.8579882331643,0.000000000605809749442505,"LOC111100562"," propionyl-CoA carboxylase alpha chain, mitochondrial-like"
"345","crg:105329204","Day 0","turquoise","crg00280","Valine, leucine and isoleucine degradation",47,37,"105329204",0.787234042553192,0.0000000000138679340233826,10.8579882331643,0.000000000605809749442505,"LOC111134559"," propionyl-CoA carboxylase beta chain, mitochondrial-like"
"346","crg:105329007","Day 0","turquoise","crg00280","Valine, leucine and isoleucine degradation",47,37,"105329007",0.787234042553192,0.0000000000138679340233826,10.8579882331643,0.000000000605809749442505,"LOC111101286"," short/branched chain specific acyl-CoA dehydrogenase, mitochondrial-like"
"347","crg:105334265","Day 0","turquoise","crg00280","Valine, leucine and isoleucine degradation",47,37,"105334265",0.787234042553192,0.0000000000138679340233826,10.8579882331643,0.000000000605809749442505,"LOC111119588"," succinyl-CoA:3-ketoacid coenzyme A transferase 1, mitochondrial-like"
"348","crg:105334265","Day 0","turquoise","crg00280","Valine, leucine and isoleucine degradation",47,37,"105334265",0.787234042553192,0.0000000000138679340233826,10.8579882331643,0.000000000605809749442505,"LOC111119623"," succinyl-CoA:3-ketoacid coenzyme A transferase 1, mitochondrial-like"
"349","crg:105334265","Day 0","turquoise","crg00280","Valine, leucine and isoleucine degradation",47,37,"105334265",0.787234042553192,0.0000000000138679340233826,10.8579882331643,0.000000000605809749442505,"LOC111120428"," succinyl-CoA:3-ketoacid coenzyme A transferase 2A, mitochondrial-like"
"350","crg:105342065","Day 0","turquoise","crg00280","Valine, leucine and isoleucine degradation",47,37,"105342065",0.787234042553192,0.0000000000138679340233826,10.8579882331643,0.000000000605809749442505,"LOC111118429"," trifunctional enzyme subunit beta, mitochondrial-like"
